username,email,populationId,firstName,middleName,lastName,prefix,suffix,formattedName,nickname,title,preferredLanguage,locale,timezone,externalId,type,active,primaryPhone,mobilePhone,streetAddress,countryCode,locality,region,postalCode,password
rand1a2b3c,user_rand1a2b3c@mailinator.com,1dd684e3-82ee-4e68-9d25-00401bc62e7a,Jane,B,Doe,Ms.,PhD,"Ms. Jane B. Doe, PhD",Janie,Engineer,en,US,America/New_York,ext-789,employee,true,555-111-2222,555-333-4444,123 Main St,US,New York,NY,10001,2Federate!
rand2b3c4d,user_rand2b3c4d@mailinator.com,1dd684e3-82ee-4e68-9d25-00401bc62e7a,Bob,,Smith,Mr.,Jr.,"Mr. Bob Smith, Jr.",Bobby,Manager,en,US,America/Chicago,ext-101,contractor,false,555-555-6666,555-777-8888,456 Oak Ave,US,Chicago,IL,60601,2Federate!
rand3c4d5e,user_rand3c4d5e@mailinator.com,1dd684e3-82ee-4e68-9d25-00401bc62e7a,Daniel,E,Martin,Dr.,II,"Dr. Daniel E. Martin, II",Danny,Architect,en,US,America/Denver,ext-202,employee,true,555-888-9999,555-000-1111,789 Pine St,US,Denver,CO,80203,2Federate!
rand4d5e6f,user_rand4d5e6f@mailinator.com,1dd684e3-82ee-4e68-9d25-00401bc62e7a,Sarah,D,Lee,Mrs.,III,"Mrs. Sarah D. Lee, III",Sally,Analyst,en,US,America/Los_Angeles,ext-303,contractor,false,555-222-3333,555-444-5555,321 Maple Ave,US,Los Angeles,CA,90001,2Federate!
rand5e6f7g,user_rand5e6f7g@mailinator.com,1dd684e3-82ee-4e68-9d25-00401bc62e7a,Robert,F,Williams,Mr.,Sr.,"Mr. Robert F. Williams, Sr.",Rob,Developer,en,US,America/Phoenix,ext-404,employee,true,555-666-7777,555-888-9999,654 Cedar Rd,US,Phoenix,AZ,85001,2Federate!
rand6f7g8h,user_rand6f7g8h@mailinator.com,1dd684e3-82ee-4e68-9d25-00401bc62e7a,Laura,G,Jones,Ms.,IV,"Ms. Laura G. Jones, IV",Laurie,Designer,en,US,America/Chicago,ext-505,contractor,false,555-123-4567,555-234-5678,987 Spruce Ln,US,Dallas,TX,75201,2Federate!
rand7g8h9i,user_rand7g8h9i@mailinator.com,1dd684e3-82ee-4e68-9d25-00401bc62e7a,William,H,Thomas,Mr.,Jr.,"Mr. William H. Thomas, Jr.",Will,Tester,en,US,America/New_York,ext-606,employee,true,555-345-6789,555-456-7890,321 Birch Blvd,US,Boston,MA,02101,2Federate!
rand8h9i0j,user_rand8h9i0j@mailinator.com,1dd684e3-82ee-4e68-9d25-00401bc62e7a,Emily,I,Clark,Ms.,V,"Ms. Emily I. Clark, V",Em,Product Owner,en,US,America/Chicago,ext-707,employee,true,555-567-8901,555-678-9012,123 Aspen Way,US,Austin,TX,73301,2Federate!
rand9i0j1k,user_rand9i0j1k@mailinator.com,1dd684e3-82ee-4e68-9d25-00401bc62e7a,Michael,J,Lopez,Dr.,VI,"Dr. Michael J. Lopez, VI",Mike,Data Scientist,en,US,America/Denver,ext-808,contractor,false,555-789-0123,555-890-1234,456 Willow Dr,US,Denver,CO,80204,2Federate!
rand0j1k2l,user_rand0j1k2l@mailinator.com,1dd684e3-82ee-4e68-9d25-00401bc62e7a,Ashley,K,Walker,Mrs.,VII,"Mrs. Ashley K. Walker, VII",Ash,HR,en,US,America/Los_Angeles,ext-909,employee,true,555-901-2345,555-012-3456,789 Redwood St,US,San Francisco,CA,94101,2Federate!
rand1k2l3m,user_rand1k2l3m@mailinator.com,1dd684e3-82ee-4e68-9d25-00401bc62e7a,Joshua,L,Hall,Mr.,VIII,"Mr. Joshua L. Hall, VIII",Josh,QA,en,US,America/Phoenix,ext-1010,contractor,false,555-234-5670,555-345-6781,321 Magnolia Ave,US,Tucson,AZ,85701,2Federate!
rand2l3m4n,user_rand2l3m4n@mailinator.com,1dd684e3-82ee-4e68-9d25-00401bc62e7a,Megan,M,Allen,Ms.,IX,"Ms. Megan M. Allen, IX",Meg,Support,en,US,America/New_York,ext-1111,employee,true,555-456-7892,555-567-8903,654 Poplar Rd,US,Philadelphia,PA,19101,2Federate!
rand3m4n5o,user_rand3m4n5o@mailinator.com,1dd684e3-82ee-4e68-9d25-00401bc62e7a,Christopher,N,Young,Mr.,X,"Mr. Christopher N. Young, X",Chris,Engineer,en,US,America/Chicago,ext-1212,contractor,false,555-678-9014,555-789-0125,987 Chestnut St,US,Houston,TX,77001,2Federate!
rand4n5o6p,user_rand4n5o6p@mailinator.com,1dd684e3-82ee-4e68-9d25-00401bc62e7a,Jessica,O,Hernandez,Mrs.,XI,"Mrs. Jessica O. Hernandez, XI",Jess,Manager,en,US,America/Denver,ext-1313,employee,true,555-890-1236,555-901-2347,123 Sycamore Ln,US,Albuquerque,NM,87101,2Federate!
rand5o6p7q,user_rand5o6p7q@mailinator.com,1dd684e3-82ee-4e68-9d25-00401bc62e7a,Matthew,P,King,Dr.,XII,"Dr. Matthew P. King, XII",Matt,Developer,en,US,America/Los_Angeles,ext-1414,contractor,false,555-012-3458,555-123-4569,456 Hickory Blvd,US,Seattle,WA,98101,2Federate!
rand6p7q8r,user_rand6p7q8r@mailinator.com,1dd684e3-82ee-4e68-9d25-00401bc62e7a,Amanda,Q,Wright,Ms.,XIII,"Ms. Amanda Q. Wright, XIII",Mandy,Designer,en,US,America/Phoenix,ext-1515,employee,true,555-234-5679,555-345-6780,789 Palm St,US,Scottsdale,AZ,85251,2Federate!
rand7q8r9s,user_rand7q8r9s@mailinator.com,1dd684e3-82ee-4e68-9d25-00401bc62e7a,David,R,Scott,Mr.,XIV,"Mr. David R. Scott, XIV",Dave,Tester,en,US,America/New_York,ext-1616,contractor,false,555-456-7891,555-567-8902,321 Dogwood Ave,US,Miami,FL,33101,2Federate!
rand8r9s0t,user_rand8r9s0t@mailinator.com,1dd684e3-82ee-4e68-9d25-00401bc62e7a,Brittany,S,Green,Mrs.,XV,"Mrs. Brittany S. Green, XV",Britt,Product Owner,en,US,America/Chicago,ext-1717,employee,true,555-678-9013,555-789-0124,654 Elm St,US,St. Louis,MO,63101,2Federate!
rand9s0t1u,user_rand9s0t1u@mailinator.com,1dd684e3-82ee-4e68-9d25-00401bc62e7a,Brandon,T,Moore,Mr.,XVI,"Mr. Brandon T. Moore, XVI",Bran,Engineer,en,US,America/Denver,ext-1818,contractor,false,555-890-1235,555-901-2346,123 Fir St,US,Boise,ID,83701,2Federate!
rand0t1u2v,user_rand0t1u2v@mailinator.com,1dd684e3-82ee-4e68-9d25-00401bc62e7a,Olivia,U,Martinez,Ms.,XVII,"Ms. Olivia U. Martinez, XVII",Liv,Manager,en,US,America/Los_Angeles,ext-1919,employee,true,555-012-3457,555-123-4568,456 Redwood Ave,US,Portland,OR,97201,2Federate!
rand1u2v3w,user_rand1u2v3w@mailinator.com,1dd684e3-82ee-4e68-9d25-00401bc62e7a,Justin,V,White,Dr.,XVIII,"Dr. Justin V. White, XVIII",Jay,Architect,en,US,America/Phoenix,ext-2020,contractor,false,555-234-5678,555-345-6789,789 Maple Dr,US,Las Vegas,NV,89101,2Federate!
rand2v3w4x,user_rand2v3w4x@mailinator.com,1dd684e3-82ee-4e68-9d25-00401bc62e7a,Stephanie,W,Clark,Mrs.,XIX,"Mrs. Stephanie W. Clark, XIX",Steph,Analyst,en,US,America/New_York,ext-2121,employee,true,555-456-7890,555-567-8901,321 Oak St,US,Charlotte,NC,28201,2Federate!
rand3w4x5y,user_rand3w4x5y@mailinator.com,1dd684e3-82ee-4e68-9d25-00401bc62e7a,Kevin,X,Young,Mr.,XX,"Mr. Kevin X. Young, XX",Kev,Developer,en,US,America/Chicago,ext-2222,contractor,false,555-678-9012,555-789-0123,654 Pine Ave,US,Columbus,OH,43004,2Federate!
rand4x5y6z,user_rand4x5y6z@mailinator.com,1dd684e3-82ee-4e68-9d25-00401bc62e7a,Michelle,Y,King,Ms.,XXI,"Ms. Michelle Y. King, XXI",Shell,Designer,en,US,America/Denver,ext-2323,employee,true,555-890-1234,555-901-2345,987 Cedar St,US,Cheyenne,WY,82001,2Federate!
rand5y6z7a,user_rand5y6z7a@mailinator.com,1dd684e3-82ee-4e68-9d25-00401bc62e7a,Eric,Z,Lopez,Dr.,XXII,"Dr. Eric Z. Lopez, XXII",Rick,Tester,en,US,America/Los_Angeles,ext-2424,contractor,false,555-012-3456,555-123-4567,123 Spruce Ave,US,Sacramento,CA,94203,2Federate!
rand6z7a8b,user_rand6z7a8b@mailinator.com,1dd684e3-82ee-4e68-9d25-00401bc62e7a,Angela,Aa,Allen,Mrs.,XXIII,"Mrs. Angela Aa. Allen, XXIII",Angie,Product Owner,en,US,America/Phoenix,ext-2525,employee,true,555-234-5676,555-345-6787,456 Willow St,US,Albuquerque,NM,87102,2Federate!
rand7a8b9c,user_rand7a8b9c@mailinator.com,1dd684e3-82ee-4e68-9d25-00401bc62e7a,Tyler,Bb,Williams,Mr.,XXIV,"Mr. Tyler Bb. Williams, XXIV",Ty,QA,en,US,America/New_York,ext-2626,contractor,false,555-456-7898,555-567-8909,789 Aspen Rd,US,Atlanta,GA,30301,2Federate!
rand8b9c0d,user_rand8b9c0d@mailinator.com,1dd684e3-82ee-4e68-9d25-00401bc62e7a,Victoria,Cc,Hernandez,Ms.,XXV,"Ms. Victoria Cc. Hernandez, XXV",Vicky,Support,en,US,America/Chicago,ext-2727,employee,true,555-678-9010,555-789-0121,321 Magnolia Blvd,US,Minneapolis,MN,55401,2Federate!
rand9c0d1e,user_rand9c0d1e@mailinator.com,1dd684e3-82ee-4e68-9d25-00401bc62e7a,Henry,Dd,Moore,Mr.,XXVI,"Mr. Henry Dd. Moore, XXVI",Hank,Engineer,en,US,America/Denver,ext-2828,contractor,false,555-111-2223,555-333-4445,124 Main St,US,Boise,ID,83702,2Federate!
rand0d1e2f,user_rand0d1e2f@mailinator.com,1dd684e3-82ee-4e68-9d25-00401bc62e7a,Grace,Ee,Martinez,Ms.,XXVII,"Ms. Grace Ee. Martinez, XXVII",Gracie,Manager,en,US,America/Los_Angeles,ext-2929,employee,true,555-555-6667,555-777-8889,457 Oak Ave,US,Portland,OR,97202,2Federate!
rand1e2f3g,user_rand1e2f3g@mailinator.com,1dd684e3-82ee-4e68-9d25-00401bc62e7a,Logan,Ff,White,Dr.,XXVIII,"Dr. Logan Ff. White, XXVIII",Log,Architect,en,US,America/Phoenix,ext-3030,contractor,false,555-888-9998,555-000-1112,790 Maple Dr,US,Las Vegas,NV,89102,2Federate!
rand2f3g4h,user_rand2f3g4h@mailinator.com,1dd684e3-82ee-4e68-9d25-00401bc62e7a,Hailey,Gg,Clark,Mrs.,XXIX,"Mrs. Hailey Gg. Clark, XXIX",Hails,Analyst,en,US,America/New_York,ext-3131,employee,true,555-222-3334,555-444-5556,322 Oak St,US,Charlotte,NC,28202,2Federate!
rand3g4h5i,user_rand3g4h5i@mailinator.com,1dd684e3-82ee-4e68-9d25-00401bc62e7a,Lucas,Hh,Young,Mr.,XXX,"Mr. Lucas Hh. Young, XXX",Luke,Developer,en,US,America/Chicago,ext-3232,contractor,false,555-666-7778,555-888-9990,655 Pine Ave,US,Columbus,OH,43005,2Federate!
rand4h5i6j,user_rand4h5i6j@mailinator.com,1dd684e3-82ee-4e68-9d25-00401bc62e7a,Chloe,Ii,King,Ms.,XXXI,"Ms. Chloe Ii. King, XXXI",Clo,Designer,en,US,America/Denver,ext-3333,employee,true,555-123-4568,555-234-5679,988 Cedar St,US,Cheyenne,WY,82002,2Federate!
rand5i6j7k,user_rand5i6j7k@mailinator.com,1dd684e3-82ee-4e68-9d25-00401bc62e7a,Jack,Jj,Lopez,Dr.,XXXII,"Dr. Jack Jj. Lopez, XXXII",Jacky,Tester,en,US,America/Los_Angeles,ext-3434,contractor,false,555-345-6782,555-456-7893,124 Spruce Ave,US,Sacramento,CA,94204,2Federate!
rand6j7k8l,user_rand6j7k8l@mailinator.com,1dd684e3-82ee-4e68-9d25-00401bc62e7a,Sophia,Kk,Allen,Mrs.,XXXIII,"Mrs. Sophia Kk. Allen, XXXIII",Sophie,Product Owner,en,US,America/Phoenix,ext-3535,employee,true,555-567-8904,555-678-9015,457 Willow St,US,Albuquerque,NM,87103,2Federate!
rand7k8l9m,user_rand7k8l9m@mailinator.com,1dd684e3-82ee-4e68-9d25-00401bc62e7a,Elijah,Ll,Williams,Mr.,XXXIV,"Mr. Elijah Ll. Williams, XXXIV",Eli,QA,en,US,America/New_York,ext-3636,contractor,false,555-789-0126,555-890-1237,790 Aspen Rd,US,Atlanta,GA,30302,2Federate!
rand8l9m0n,user_rand8l9m0n@mailinator.com,1dd684e3-82ee-4e68-9d25-00401bc62e7a,Avery,Mm,Hernandez,Ms.,XXXV,"Ms. Avery Mm. Hernandez, XXXV",Ave,Support,en,US,America/Chicago,ext-3737,employee,true,555-901-2348,555-012-3459,322 Magnolia Blvd,US,Minneapolis,MN,55402,2Federate!
rand9m0n1o,user_rand9m0n1o@mailinator.com,1dd684e3-82ee-4e68-9d25-00401bc62e7a,Mason,Nn,Moore,Mr.,XXXVI,"Mr. Mason Nn. Moore, XXXVI",Mase,Engineer,en,US,America/Denver,ext-3838,contractor,false,555-111-2224,555-333-4446,125 Main St,US,Boise,ID,83703,2Federate!
rand0n1o2p,user_rand0n1o2p@mailinator.com,1dd684e3-82ee-4e68-9d25-00401bc62e7a,Lily,Oo,Martinez,Ms.,XXXVII,"Ms. Lily Oo. Martinez, XXXVII",Lil,Manager,en,US,America/Los_Angeles,ext-3939,employee,true,555-555-6668,555-777-8890,458 Oak Ave,US,Portland,OR,97203,2Federate!
rand1o2p3q,user_rand1o2p3q@mailinator.com,1dd684e3-82ee-4e68-9d25-00401bc62e7a,James,Pp,White,Dr.,XXXVIII,"Dr. James Pp. White, XXXVIII",Jim,Architect,en,US,America/Phoenix,ext-4040,contractor,false,555-888-9997,555-000-1113,791 Maple Dr,US,Las Vegas,NV,89103,2Federate!
rand2p3q4r,user_rand2p3q4r@mailinator.com,1dd684e3-82ee-4e68-9d25-00401bc62e7a,Ella,Qq,Clark,Mrs.,XXXIX,"Mrs. Ella Qq. Clark, XXXIX",Ellie,Analyst,en,US,America/New_York,ext-4141,employee,true,555-222-3335,555-444-5557,323 Oak St,US,Charlotte,NC,28203,2Federate!
rand3q4r5s,user_rand3q4r5s@mailinator.com,1dd684e3-82ee-4e68-9d25-00401bc62e7a,Benjamin,Rr,Young,Mr.,XL,"Mr. Benjamin Rr. Young, XL",Ben,Developer,en,US,America/Chicago,ext-4242,contractor,false,555-666-7779,555-888-9991,656 Pine Ave,US,Columbus,OH,43006,2Federate!
rand4r5s6t,user_rand4r5s6t@mailinator.com,1dd684e3-82ee-4e68-9d25-00401bc62e7a,Scarlett,Ss,King,Ms.,XLI,"Ms. Scarlett Ss. King, XLI",Scar,Designer,en,US,America/Denver,ext-4343,employee,true,555-123-4569,555-234-5680,989 Cedar St,US,Cheyenne,WY,82003,2Federate!
rand5s6t7u,user_rand5s6t7u@mailinator.com,1dd684e3-82ee-4e68-9d25-00401bc62e7a,Alexander,Tt,Lopez,Dr.,XLII,"Dr. Alexander Tt. Lopez, XLII",Alex,Tester,en,US,America/Los_Angeles,ext-4444,contractor,false,555-345-6783,555-456-7894,125 Spruce Ave,US,Sacramento,CA,94205,2Federate!
rand6t7u8v,user_rand6t7u8v@mailinator.com,1dd684e3-82ee-4e68-9d25-00401bc62e7a,Aria,Uu,Allen,Mrs.,XLIII,"Mrs. Aria Uu. Allen, XLIII",Ari,Product Owner,en,US,America/Phoenix,ext-4545,employee,true,555-567-8905,555-678-9016,458 Willow St,US,Albuquerque,NM,87104,2Federate!
rand7u8v9w,user_rand7u8v9w@mailinator.com,1dd684e3-82ee-4e68-9d25-00401bc62e7a,Daniel,Vv,Williams,Mr.,XLIV,"Mr. Daniel Vv. Williams, XLIV",Dan,QA,en,US,America/New_York,ext-4646,contractor,false,555-789-0127,555-890-1238,791 Aspen Rd,US,Atlanta,GA,30303,2Federate!
rand8v9w0x,user_rand8v9w0x@mailinator.com,1dd684e3-82ee-4e68-9d25-00401bc62e7a,Penelope,Ww,Hernandez,Ms.,XLV,"Ms. Penelope Ww. Hernandez, XLV",Penny,Support,en,US,America/Chicago,ext-4747,employee,true,555-901-2349,555-012-3460,323 Magnolia Blvd,US,Minneapolis,MN,55403,2Federate!
rand9w0x1y,user_rand9w0x1y@mailinator.com,1dd684e3-82ee-4e68-9d25-00401bc62e7a,Anna,A,Smith,Ms.,PhD,"Ms. Anna A. Smith, PhD",Annie,Engineer,en,US,America/New_York,ext-1001,employee,true,555-111-1001,555-333-1001,101 Main St,US,New York,NY,10001,2Federate!
rand0x1y2z,user_rand0x1y2z@mailinator.com,1dd684e3-82ee-4e68-9d25-00401bc62e7a,John,B,Johnson,Mr.,Jr.,"Mr. John B. Johnson, Jr.",Johnny,Manager,en,US,America/Chicago,ext-1002,contractor,false,555-555-1002,555-777-1002,102 Oak Ave,US,Chicago,IL,60601,2Federate!
rand1y2z3a,user_rand1y2z3a@mailinator.com,1dd684e3-82ee-4e68-9d25-00401bc62e7a,Lisa,C,Williams,Dr.,II,"Dr. Lisa C. Williams, II",Liz,Architect,en,US,America/Denver,ext-1003,employee,true,555-888-1003,555-000-1003,103 Pine St,US,Denver,CO,80203,2Federate!
rand2z3a4b,user_rand2z3a4b@mailinator.com,1dd684e3-82ee-4e68-9d25-00401bc62e7a,Mark,D,Brown,Mrs.,III,"Mrs. Mark D. Brown, III",Marky,Analyst,en,US,America/Los_Angeles,ext-1004,contractor,false,555-222-1004,555-444-1004,104 Maple Ave,US,Los Angeles,CA,90001,2Federate!
rand3a4b5c,user_rand3a4b5c@mailinator.com,1dd684e3-82ee-4e68-9d25-00401bc62e7a,Emily,E,Jones,Mr.,Sr.,"Mr. Emily E. Jones, Sr.",Em,Developer,en,US,America/Phoenix,ext-1005,employee,true,555-666-1005,555-888-1005,105 Cedar Rd,US,Phoenix,AZ,85001,2Federate!
rand4b5c6d,user_rand4b5c6d@mailinator.com,1dd684e3-82ee-4e68-9d25-00401bc62e7a,Paul,F,Miller,Ms.,IV,"Ms. Paul F. Miller, IV",Pauly,Designer,en,US,America/Chicago,ext-1006,contractor,false,555-123-1006,555-234-1006,106 Spruce Ln,US,Dallas,TX,75201,2Federate!
rand5c6d7e,user_rand5c6d7e@mailinator.com,1dd684e3-82ee-4e68-9d25-00401bc62e7a,Kate,G,Wilson,Mr.,Jr.,"Mr. Kate G. Wilson, Jr.",Katie,Tester,en,US,America/New_York,ext-1007,employee,true,555-345-1007,555-456-1007,107 Birch Blvd,US,Boston,MA,02101,2Federate!
rand6d7e8f,user_rand6d7e8f@mailinator.com,1dd684e3-82ee-4e68-9d25-00401bc62e7a,Tom,H,Moore,Ms.,V,"Ms. Tom H. Moore, V",Tommy,Product Owner,en,US,America/Chicago,ext-1008,employee,true,555-567-1008,555-678-1008,108 Aspen Way,US,Austin,TX,73301,2Federate!
rand7e8f9g,user_rand7e8f9g@mailinator.com,1dd684e3-82ee-4e68-9d25-00401bc62e7a,Sara,I,Taylor,Dr.,VI,"Dr. Sara I. Taylor, VI",Sari,Data Scientist,en,US,America/Denver,ext-1009,contractor,false,555-789-1009,555-890-1009,109 Willow Dr,US,Denver,CO,80204,2Federate!
rand8f9g0h,user_rand8f9g0h@mailinator.com,1dd684e3-82ee-4e68-9d25-00401bc62e7a,Nick,J,Anderson,Mrs.,VII,"Mrs. Nick J. Anderson, VII",Nicky,HR,en,US,America/Los_Angeles,ext-1010,employee,true,555-901-1010,555-012-1010,110 Redwood St,US,San Francisco,CA,94101,2Federate!
